Shanghai	CN	31.2222	121.4581
Chongqing	CN	29.5603	106.5577
Chengdu	CN	30.6667	104.0667
Beijing	CN	39.9075	116.3972
Guangzhou	CN	23.1167	113.25
Shenzhen	CN	22.5455	114.0683
Kinshasa	CD	-4.3276	15.3136
Istanbul	TR	41.0138	28.9497
Lagos	NG	6.4541	3.3947
Ho Chi Minh City	VN	10.823	106.6296
Tianjin	CN	39.1422	117.1767
Wuhan	CN	30.5833	114.2667
Lahore	PK	31.558	74.3507
Xi’an	CN	34.2583	108.9286
Mumbai	IN	19.0728	72.8826
São Paulo	BR	-23.5475	-46.6361
Mexico City	MX	19.4285	-99.1277
Hangzhou	CN	30.2936	120.1614
Karachi	PK	24.8608	67.0104
Delhi	IN	28.6519	77.2315
Moscow	RU	55.752	37.6178
Dhaka	BD	23.7104	90.4074
Seoul	KR	37.566	126.9784
Harbin	CN	45.75	126.65
Tokyo	JP	35.6895	139.6917
Dongguan	CN	23.018	113.7487
Cairo	EG	30.0626	31.2497
Hefei	CN	31.8639	117.2808
Johannesburg	ZA	-26.2023	28.0436
Weifang	CN	36.71	119.1019
Nanjing	CN	32.0617	118.7778
Shenyang	CN	41.7922	123.4328
Foshan	CN	23.0268	113.1315
London	GB	51.5085	-0.1257
New York City	US	40.7143	-74.006
Jakarta	ID	-6.2146	106.8451
Bengaluru	IN	12.9719	77.5937
Jinan	CN	36.6683	116.9972
Hanoi	VN	21.0245	105.8412
Taipei	TW	25.0531	121.5264
Lima	PE	-12.0432	-77.0282
Bogotá	CO	4.6097	-74.0817
Dalian	CN	38.9122	121.6022
Hong Kong	HK	22.2783	114.1747
Baghdad	IQ	33.3406	44.4009
Wuzhong	CN	37.9867	106.201
Qingdao	CN	36.0649	120.3804
Tehran	IR	35.6944	51.4215
Yantai	CN	37.4765	121.4408
Hyderabad	IN	17.384	78.4564
Rio de Janeiro	BR	-22.9064	-43.1822
Suzhou	CN	31.3041	120.5954
Puxi	CN	31.2441	121.4659
Zhengzhou	CN	34.7578	113.6486
Ahmedabad	IN	23.0258	72.5873
Abidjan	CI	5.3544	-4.0017
Nanning	CN	22.8167	108.3167
Kunming	CN	25.0389	102.7183
Shijiazhuang	CN	38.0414	114.4786
Changchun	CN	43.88	125.3228
Pudong	CN	31.24	121.5009
Sydney	AU	-33.8678	151.2073
Singapore	SG	1.2897	103.8501
Melbourne	AU	-37.814	144.9633
Dar es Salaam	TZ	-6.8235	39.2695
Saint Petersburg	RU	59.9386	30.3141
Taiyuan	CN	37.8694	112.5603
Alexandria	EG	31.2018	29.9158
Bangkok	TH	13.754	100.5014
Kano	NG	12.0001	8.5167
Santiago	CL	-33.4569	-70.6483
Cape Town	ZA	-33.9258	18.4232
Peshawar	PK	34.008	71.5785
Zibo	CN	36.7906	118.0633
Jeddah	SA	21.4901	39.1862
Chennai	IN	13.0878	80.2785
Kolkata	IN	22.5626	88.363
Xiamen	CN	24.4798	118.0819
Surat	IN	21.1959	72.8302
Yangzhou	CN	32.3972	119.4358
Huai'an	CN	33.5886	119.0192
Guiyang	CN	26.5833	106.7167
Yangon	MM	16.8053	96.1561
Bao'an	CN	22.5521	113.8829
Kabul	AF	34.5281	69.1723
Nairobi	KE	-1.2833	36.8167
Wuxi	CN	31.5689	120.2886
Giza	EG	30.0094	31.2086
Lanzhou	CN	36.057	103.8399
Bamako	ML	12.6091	-7.9752
Riyadh	SA	24.6877	46.7219
Fuzhou	CN	26.0614	119.3061
Ürümqi	CN	43.801	87.6005
New Taipei City	TW	25.062	121.457
New Territories	HK	22.4244	114.111
Chattogram	BD	22.3384	91.8317
Addis Ababa	ET	9.025	38.7469
Zaozhuang	CN	34.8647	117.5542
Zhongshan	CN	22.5231	113.3791
Shantou	CN	23.3549	116.6788
Los Angeles	US	34.0522	-118.2437
Faisalabad	PK	31.4155	73.0897
Dubai	AE	25.0772	55.3093
Yokohama	JP	35.4333	139.65
Ningbo	CN	29.8782	121.5494
Nanhai	CN	23.0219	113.1428
Casablanca	MA	33.5883	-7.6114
Ibadan	NG	7.3776	3.9059
Puyang	CN	29.4568	119.8887
Ankara	TR	39.9199	32.8543
Shiyan	CN	32.6475	110.7781
Hohhot	CN	40.8106	111.6522
Berlin	DE	52.5244	13.4105
Tangshan	CN	39.6438	118.1832
Rawalpindi	PK	33.5973	73.0479
Lüliang	CN	37.5192	111.1444
Durban	ZA	-29.8579	31.0292
Anshan	CN	41.1236	122.99
Changzhou	CN	31.7736	119.954
Busan	KR	35.1017	129.03
Madrid	ES	40.4165	-3.7026
Pyongyang	KP	39.0339	125.7543
Pune	IN	18.5196	73.8554
Datong	CN	40.0936	113.2914
Bursa	TR	40.1956	29.0601
Changsha	CN	28.1987	112.9709
Quezon City	PH	14.6488	121.0509
Jaipur	IN	26.9196	75.7878
Huainan	CN	32.6264	116.9969
Surabaya	ID	-7.2492	112.7508
Incheon	KR	37.4565	126.7052
Haikou	CN	20.0342	110.3465
Caracas	VE	10.488	-66.8792
Kyiv	UA	50.4547	30.5238
İzmir	TR	38.4127	27.1384
Huizhou	CN	23.1115	114.4152
Buenos Aires	AR	-34.6131	-58.3772
Yinchuan	CN	38.4681	106.2731
Taichung	TW	24.1469	120.6839
Kanpur	IN	26.4652	80.3498
Toronto	CA	43.7064	-79.3986
Quito	EC	-0.2298	-78.525
Brisbane	AU	-27.4679	153.0281
Luanda	AO	-8.8368	13.2343
Baotou	CN	40.6516	109.8439
Osaka	JP	34.6938	135.5011
Linyi	CN	35.0631	118.3428
Baoding	CN	38.8729	115.4625
Kaohsiung	TW	22.6163	120.3133
Brooklyn	US	40.6501	-73.9496
Guayaquil	EC	-2.1962	-79.8862
Belo Horizonte	BR	-19.9208	-43.9378
Minhang	CN	31.1088	121.3747
Bazhong	CN	31.8694	106.7443
Salvador	BR	-12.9756	-38.491
Abuja	NG	9.0579	7.4951
Gazipur	BD	23.9984	90.4223
Chicago	US	41.85	-87.65
Wenzhou	CN	27.9994	120.6668
Bekasi	ID	-6.2349	106.9896
Dakar	SN	14.6937	-17.4441
Haiphong	VN	20.8648	106.6834
Yunfu	CN	22.9279	112.0381
Navi Mumbai	IN	19.0368	73.0158
Mogadishu	SO	2.0371	45.3438
Kumasi	GH	6.6885	-1.6244
Bandung	ID	-6.9222	107.6069
Gujranwala	PK	32.1557	74.187
Medan	ID	3.5833	98.6667
Lucknow	IN	26.8393	80.9231
Xining	CN	36.6255	101.7574
Ouagadougou	BF	12.3657	-1.5339
Nagpur	IN	21.1463	79.0849
Fortaleza	BR	-3.7172	-38.5431
Cali	CO	3.4305	-76.5199
Perth	AU	-31.9522	115.8614
Daegu	KR	35.8703	128.5911
Algiers	DZ	36.7323	3.0875
Nanchang	CN	28.684	115.8531
Baku	AZ	40.3777	49.892
Nagoya	JP	35.1815	136.9064
Rome	IT	41.8919	12.5113
Queens	US	40.6815	-73.8365
Houston	US	29.7633	-95.3633
Mashhad	IR	36.2981	59.6057
Shaoxing	CN	30.0024	120.5786
Nantong	CN	32.0303	120.8747
Baoshan	CN	31.4084	121.4896
Kowloon	HK	22.3167	114.1833
Gaziantep	TR	37.0594	37.3825
Lubumbashi	CD	-11.6609	27.4794
Manaus	BR	-3.1019	-60.025
Lusaka	ZM	-15.4067	28.2871
Brasília	BR	-15.7797	-47.9297
Zhuhai	CN	22.2769	113.5678
Santo Domingo	DO	18.4719	-69.8923
Lomé	TG	6.1287	1.2215
Multan	PK	30.1968	71.4782
Havana	CU	23.133	-82.383
Depok	ID	-6.4	106.8186
Ordos	CN	39.6086	109.7816
Paris	FR	48.8534	2.3488
Coimbatore	IN	11.0055	76.9661
Qingyang	CN	35.7098	107.6445
Port Harcourt	NG	4.7774	7.0134
Pretoria	ZA	-25.7449	28.1878
Córdoba	AR	-31.4065	-64.1885
Mbuji-Mayi	CD	-6.136	23.5898
Aleppo	SY	36.2012	37.1612
Kunshan	CN	31.3776	120.9543
Al Mawşil al Jadīdah	IQ	36.3327	43.1056
Zunyi	CN	27.6867	106.9072
La Paz	BO	-16.5	-68.15
Lianyungang	CN	34.5984	119.2156
Medellín	CO	6.245	-75.5715
Puning	CN	23.3107	116.1687
Indore	IN	22.7179	75.8333
Brazzaville	CG	-4.2661	15.2832
Tashkent	UZ	41.2647	69.2163
Ganzhou	CN	25.8466	114.9326
Almaty	KZ	43.2525	76.9115
Khartoum	SD	15.5518	32.5324
Hamburg	DE	53.5507	9.993
Sapporo	JP	43.0667	141.35
Songjiang	CN	31.0344	121.2233
Accra	GH	5.556	-0.1969
Curitiba	BR	-25.4278	-49.2731
Sanaa	YE	15.3545	44.2065
Conakry	GN	9.538	-13.6773
Tangerang	ID	-6.1781	106.63
Tijuana	MX	32.5027	-117.0037
Hyderabad	PK	25.3969	68.3772
Beirut	LB	33.8933	35.5016
Jieyang	CN	23.5418	116.3658
Jilin	CN	43.8465	126.5608
Jiading	CN	31.3858	121.2446
Bucharest	RO	44.4323	26.1063
Camayenne	GN	9.535	-13.6878
Kakamega	KE	0.2842	34.7523
Shangqiu	CN	34.4143	115.6561
Nanchong	CN	30.7951	106.0847
Tainan	TW	22.9908	120.2133
Kaduna	NG	10.5264	7.4388
Omdurman	SD	15.6445	32.4777
Davao	PH	7.0731	125.6128
Thāne	IN	19.197	72.9635
Iztapalapa	MX	19.3553	-99.0622
Diyarbakır	TR	37.9136	40.2172
Santa Cruz de la Sierra	BO	-17.7863	-63.1812
Vadodara	IN	22.2994	73.2081
Adana	TR	36.9862	35.3253
Nanyang	CN	33.0052	112.5466
Abu Dhabi	AE	24.4512	54.397
Palembang	ID	-2.9167	104.7458
Sharjah	AE	25.3342	55.4122
Bhopal	IN	23.2547	77.4029
Jiangmen	CN	22.5833	113.0833
Benin City	NG	6.3381	5.6258
Jiangyin	CN	31.911	120.263
Fuyang	CN	32.9	115.8167
Montréal	CA	45.5088	-73.5878
Bayan Nur	CN	40.7414	107.386
Chengtangcun	CN	35.0836	117.1907
Maracaibo	VE	10.6423	-71.6109
Chaozhou	CN	23.654	116.6226
Minsk	BY	53.9002	27.5665
Budapest	HU	47.4984	19.0404
Qingyuan	CN	23.7	113.0333
Tai’an	CN	36.1853	117.12
Rasapūdipalem	IN	17.7331	83.3162
Pimpri-Chinchwad	IN	18.6187	73.8037
Caloocan	PH	14.6495	120.9679
Warsaw	PL	52.2298	21.0118
Soweto	ZA	-26.2678	27.8585
Semarang	ID	-6.9931	110.4208
Puebla	MX	19.0478	-98.2072
Vienna	AT	48.2085	16.3721
Barcelona	ES	41.3888	2.159
Patna	IN	25.5941	85.1356
Mosul	IQ	36.335	43.1189
Kallakurichi	IN	11.7338	78.9592
Kampala	UG	0.3163	32.5822
Changshu	CN	31.6461	120.7422
Rabat	MA	34.0132	-6.8326
Recife	BR	-8.0539	-34.8811
Phoenix	US	33.4484	-112.074
Suzhou	CN	33.6361	116.9789
Ecatepec de Morelos	MX	19.6049	-99.0606
Lu’an	CN	31.7356	116.5169
Valencia	VE	10.1615	-68.0004
Ludhiana	IN	30.912	75.8538
Yancheng	CN	33.3575	120.1573
Novosibirsk	RU	55.0226	82.9317
Erbil	IQ	36.1912	44.0094
Fukuoka	JP	33.6	130.4167
Taizhou	CN	32.4907	119.9081
Daqing	CN	46.5833	125.0
Kisangani	CD	0.5153	25.191
Manila	PH	14.6042	120.9822
Wuhu	CN	31.3526	118.4295
Santiago de Querétaro	MX	20.5881	-100.3881
Dazhou	CN	31.2106	107.4631
León de los Aldama	MX	21.1218	-101.6825
Makkah	SA	21.4266	39.8256
Philadelphia	US	39.9524	-75.1636
Phnom Penh	KH	11.5625	104.916
Guilin	CN	25.2802	110.2964
Damascus	SY	33.5102	36.2913
Quetta	PK	30.1841	67.0014
Zhaoqing	CN	23.0489	112.4609
Onitsha	NG	6.1498	6.7857
Mianyang	CN	31.4678	104.6817
Auckland	NZ	-36.8485	174.7635
Isfahan	IR	32.6525	51.6746
Wanzhou	CN	30.7645	108.3959
Astana	KZ	51.1801	71.446
Harare	ZW	-17.8277	31.0534
Monrovia	LR	6.3005	-10.7969
Putian	CN	25.4394	119.0103
Kawasaki	JP	35.5206	139.7172
Goiânia	BR	-16.6786	-49.2539
San Antonio	US	29.4241	-98.4936
Kobe	JP	34.6913	135.183
Jinzhou	CN	41.1078	121.1417
Stockholm	SE	59.3294	18.0687
Ciudad Juárez	MX	31.7202	-106.4608
Cần Thơ	VN	10.0371	105.7883
Munich	DE	48.1374	11.5755
Khulna	BD	22.8098	89.5644
Belém	BR	-1.4558	-48.5044
Yekaterinburg	RU	56.8573	60.6153
Porto Alegre	BR	-30.0328	-51.2302
Manhattan	US	40.7834	-73.9663
Nashik	IN	19.9973	73.791
Taizhou	CN	28.6627	121.4331
Asunción	PY	-25.2865	-57.647
Yiwu	CN	29.3151	120.0768
Zapopan	MX	20.7211	-103.3874
Makassar	ID	-5.1486	119.4319
Adelaide	AU	-34.9287	138.5986
Quanzhou	CN	24.9139	118.5858
Madurai	IN	9.919	78.1195
Jinhua	CN	29.1068	119.6442
Kyoto	JP	35.0211	135.7538
Cixi	CN	30.1764	121.2457
Changde	CN	29.0321	111.6984
Kuala Lumpur	MY	3.1412	101.6865
Kayseri	TR	38.7322	35.4853
Kaifeng	CN	34.7986	114.3074
Karaj	IR	35.8327	50.9915
Kathmandu	NP	27.7017	85.3206
Daejeon	KR	36.3491	127.3849
Baoji	CN	34.3678	107.237
Suqian	CN	33.9492	118.2958
Liuzhou	CN	24.324	109.407
Tirunelveli	IN	8.7274	77.6838
Konya	TR	37.8713	32.4846
Zhangjiagang	CN	31.865	120.5389
Agra	IN	27.1833	78.0167
South Tangerang	ID	-6.2886	106.7179
Tabriz	IR	38.08	46.2919
Kharkiv	UA	49.9818	36.2548
Xinyang	CN	32.1228	114.0656
Jinjiang	CN	24.8198	118.5742
Faridabad	IN	28.4112	77.3132
Bozhou	CN	33.8772	115.7703
Qujing	CN	25.4833	103.7833
San Diego	US	32.7157	-117.1647
Gwangju	KR	35.1547	126.9156
Zhanjiang	CN	21.2339	110.3875
Fushun	CN	41.8867	123.9436
Rājkot	IN	22.2916	70.7932
Luoyang	CN	34.6735	112.4368
Guadalajara	MX	20.6774	-103.3475
The Bronx	US	40.8499	-73.8664
Huế	VN	16.4619	107.5955
Guankou	CN	28.1586	113.6271
Milan	IT	45.4643	9.1895
Najafgarh	IN	28.6092	76.9798
Lianjiang	CN	21.6467	110.2817
N'Djamena	TD	12.1067	15.0444
Handan	CN	36.61	114.4876
Bannu	PK	32.9853	70.604
Yichang	CN	30.7144	111.2847
Antananarivo	MG	-18.9137	47.5361
Heze	CN	35.2393	115.4736
Guarulhos	BR	-23.4628	-46.5333
Abobo	CI	5.4161	-4.0159
Jamshedpur	IN	22.8028	86.1855
Douala	CM	4.0483	9.7043
Antalya	TR	36.9081	30.6956
Basrah	IQ	30.5085	47.7804
Dallas	US	32.7831	-96.8067
Saitama	JP	35.9081	139.6566
Niamey	NE	13.5137	2.1098
Liupanshui	CN	26.5944	104.8333
Taguig	PH	14.5243	121.0792
Maoming	CN	21.6663	110.9136
Calgary	CA	51.0501	-114.0853
Tripoli	LY	32.8874	13.1873
Madinah	SA	24.4686	39.6142
Yaoundé	CM	3.8667	11.5167
Batam	ID	1.1494	104.0249
Qinzhou	CN	21.9825	108.6506
Luohe	CN	33.5742	114.0326
Xiangyang	CN	32.0422	112.1448
Yangjiang	CN	21.8556	111.9627
Yixing	CN	31.3606	119.8202
Pimpri	IN	18.6229	73.807
Da Nang	VN	16.0678	108.2208
Amman	JO	31.9552	35.945
Budta	PH	7.2042	124.4397
Belgrade	RS	44.804	20.4651
Biên Hòa	VN	10.9447	106.8243
Kananga	CD	-5.8962	22.4166
Qingpu	CN	31.1539	121.1141
Montevideo	UY	-34.9033	-56.1882
Xuchang	CN	34.0319	113.863
Kalyān	IN	19.2437	73.1355
Zigong	CN	29.3416	104.7769
Nizhniy Novgorod	RU	56.3287	44.002
Jepara	ID	-6.5924	110.671
Maputo	MZ	-25.9655	32.5832
Xuzhou	CN	34.2044	117.2839
Dammam	SA	26.4344	50.1033
Ra’s Bayrūt	LB	33.9	35.4833
Neijiang	CN	29.5835	105.0622
Shiraz	IR	29.6103	52.5311
Heshan	CN	28.5694	112.3473
Dombivali	IN	19.2167	73.0833
Kazan	RU	55.7887	49.1221
Jining	CN	35.405	116.5814
Barquisimeto	VE	10.0647	-69.357
Shubrā al Khaymah	EG	30.1251	31.2505
Putuo	CN	31.251	121.3897
Port-au-Prince	HT	18.5435	-72.3388
Suwon	KR	37.2911	127.0089
Liaocheng	CN	36.4506	116.0025
Jinzhong	CN	37.684	112.7547
Callao	PE	-12.0516	-77.1345
Meerut	IN	28.98	77.7064
Virār	IN	19.4559	72.8114
Nowrangapur	IN	19.2311	82.5483
Karbala	IQ	32.616	44.0249
Changzhi	CN	36.1839	113.1053
Tianshui	CN	34.5795	105.7424
Sadr City	IQ	33.3889	44.4583
Yangpu	CN	31.2619	121.519
Mombasa	KE	-4.0547	39.6636
Mandalay	MM	21.9747	96.0836
Srinagar	IN	34.0857	74.8055
Barranquilla	CO	10.9685	-74.7813
Chelyabinsk	RU	55.1611	61.4288
Mérida	MX	20.967	-89.6232
Hiroshima	JP	34.4	132.45
Shymkent	KZ	42.3099	69.6004
Santiago de los Caballeros	DO	19.4504	-70.6908
Weinan	CN	34.5035	109.5089
Ghāziābād	IN	28.6654	77.4391
Matola	MZ	-25.9622	32.4589
Dhanbad	IN	23.7976	86.4299
Arequipa	PE	-16.399	-71.5375
Hong Kong Island	HK	22.263	114.1842
Fes	MA	34.0331	-5.0003
Gustavo Adolfo Madero	MX	19.4939	-99.1107
Nouakchott	MR	18.0858	-15.9785
Jiaxing	CN	30.7522	120.75
Aurangabad	IN	19.8776	75.3423
Zhongwei	CN	37.5113	105.1907
Omsk	RU	54.9924	73.3686
Pikine	SN	14.7646	-17.3907
Pekanbaru	ID	0.5167	101.4417
Panjin	CN	41.121	122.0739
Bandar Lampung	ID	-5.4292	105.2611
Prague	CZ	50.088	14.4208
Varanasi	IN	25.3167	83.0104
Jiujiang	CN	29.7048	116.0021
Samara	RU	53.2077	50.1355
Aba	NG	5.1066	7.3667
Amritsar	IN	31.6223	74.8753
Birmingham	GB	52.4814	-1.8998
Copenhagen	DK	55.6759	12.5655
Sofia	BG	42.6975	23.3241
Anyang	CN	36.096	114.3828
Yerevan	AM	40.1776	44.5126
Luohu District	CN	22.5472	114.1315
Vijayawada	IN	16.5074	80.6466
Fengxiang	CN	30.8584	121.4678
Bijie	CN	27.3019	105.2863
Monterrey	MX	25.6843	-100.3172
Kigali	RW	-1.95	30.0588
Rostov-on-Don	RU	47.22	39.7077
Zhuzhou	CN	27.8333	113.15
Rui’an	CN	27.7761	120.6586
Malingao	PH	7.1608	124.475
Touba	SN	14.8623	-15.8753
Ufa	RU	54.7431	55.9678
Ranchi	IN	23.3432	85.3094
Zoucheng	CN	35.4006	116.9656
Shangrao	CN	28.4518	117.9429
Lilongwe	MW	-13.9669	33.7873
Huaibei	CN	33.9744	116.7917
Maiduguri	NG	11.8469	13.1571
Xuhui	CN	31.1959	121.4471
Meishan	CN	30.0439	103.837
Mwanza	TZ	-2.5167	32.9
Wuchang	CN	30.5431	114.3007
Ulsan	KR	35.5372	129.3167
Sendai	JP	38.2667	140.8667
Krasnoyarsk	RU	56.0374	92.9314
Fuzhou	CN	27.96	116.3333
Guigang	CN	23.116	109.5947
Oslo	NO	59.9127	10.7461
Jabalpur	IN	23.167	79.9501
Ilorin	NG	8.4966	4.5421
Aden	YE	12.7796	45.0385
Bogor	ID	-6.5944	106.7892
Ciudad Nezahualcoyotl	MX	19.4006	-99.0148
Hengyang	CN	26.8895	112.6189
Prayagraj	IN	25.4448	81.8432
Trujillo	PE	-8.116	-79.03
Visakhapatnam	IN	17.6801	83.2016
Goyang-si	KR	37.6564	126.835
Yulin	CN	22.6305	110.1469
Jodhpur	IN	26.2684	73.0059
Gwalior	IN	26.2298	78.1734
Jingzhou	CN	30.3503	112.1903
Gqeberha	ZA	-33.9611	25.6149
Tbilisi	GE	41.6914	44.8341
Voronezh	RU	51.6683	39.192
Xinxiang	CN	35.1903	113.8015
Yichun	CN	27.8333	114.4
Sokoto	NG	13.0627	5.2432
Jos	NG	9.9285	8.8921
Tangier	MA	35.7673	-5.7998
Teni	IN	10.0112	77.4777
Xianyang	CN	34.3378	108.7026
Mexicali	MX	32.6278	-115.4545
Pointe-Noire	CG	-4.7761	11.8635
Maceió	BR	-9.6658	-35.7353
Campinas	BR	-22.9056	-47.0608
Sanya	CN	18.2543	109.5095
Rangpur	BD	25.7466	89.2517
Kirkuk	IQ	35.4681	44.3922
Ashgabat	TM	37.95	58.3833
Shaoguan	CN	24.8	113.5833
Howrah	IN	22.5769	88.3186
Raipur	IN	21.2333	81.6333
Changwon	KR	35.2281	128.6811
Longyan	CN	25.0749	117.0178
Köln	DE	50.9333	6.95
Dublin	IE	53.3331	-6.2489
Tiruchirappalli	IN	10.8155	78.6965
Yongzhou	CN	26.4239	111.6131
Brussels	BE	50.8505	4.3488
Zamboanga	PH	6.9103	122.0739
Ottawa	CA	45.4112	-75.6981
Huzhou	CN	30.8703	120.0933
Xinyi	CN	22.373	110.9475
Volgograd	RU	48.7138	44.4976
Khartoum North	SD	15.6493	32.5346
Edmonton	CA	53.5501	-113.4687
Odesa	UA	46.4857	30.7438
Wuwei	CN	37.9267	102.632
Jacksonville	US	30.3322	-81.6556
Fort Worth	US	32.7254	-97.3208
Yishui	CN	35.7847	118.6281
Hanzhong	CN	33.0751	107.0221
Hezhou	CN	24.4036	111.5667
Pest	HU	47.5	19.0833
Kota	IN	25.1825	75.8391
Zhu Cheng City	CN	35.995	119.4026
Shivaji Nagar	IN	18.5302	73.8526
Dongying	CN	37.4627	118.4917
Luzhou	CN	28.8903	105.4257
San Jose	US	37.3394	-121.895
Sholapur	IN	17.6715	75.9104
Marrakesh	MA	31.6342	-7.9999
Guatemala City	GT	14.6407	-90.5133
Meizhou	CN	24.2886	116.1177
Yueyang	CN	29.3745	113.0948
Laiwu	CN	36.1928	117.6569
Esenyurt	TR	41.027	28.6773
Perm	RU	58.0105	56.2502
Zaria	NG	11.1113	7.7227
Kennedy	CO	4.6165	-74.146
Chiba	JP	35.6	140.1167
Pingdingshan	CN	33.7309	113.3155
Ciudad Guayana	VE	8.3512	-62.641
Sargodha	PK	32.0859	72.6742
Austin	US	30.2672	-97.7431
Managua	NI	12.1328	-86.2504
Bengbu	CN	32.9408	117.3608
Salé	MA	34.0531	-6.7985
Jerusalem	IL	31.769	35.2163
Chandigarh	IN	30.7363	76.7884
Dnipro	UA	48.4666	35.0407
Feicheng	CN	36.2486	116.7658
Cebu City	PH	10.3167	123.8907
Sanhe	CN	39.9805	117.0689
Guli	CN	28.8816	120.0331
Tiruppur	IN	11.1154	77.3546
Guwahati	IN	26.1844	91.7458
Xiangtan	CN	27.85	112.9
Linfen	CN	36.0889	111.5189
Victoria	HK	22.2875	114.1442
Zhenjiang	CN	32.2109	119.4551
Enugu	NG	6.4413	7.4988
Rosario	AR	-32.9468	-60.6393
Sulţānah	SA	24.4926	39.5857
Huludao	CN	40.7524	120.8355
Hubballi	IN	15.3478	75.1338
Padang	ID	-0.9492	100.3543
Kitakyushu	JP	33.8518	130.8503
Taiz	YE	13.5795	44.0209
Setagaya	JP	35.6419	139.6472
Kingston	JM	17.997	-76.7936
Jing’an	CN	31.22	121.4158
Baoshan	CN	25.1163	99.1637
Chihuahua	MX	28.6353	-106.0889
Nay Pyi Taw	MM	19.745	96.1297
Eskişehir	TR	39.7767	30.5206
Mysuru	IN	12.2979	76.6393
Chengde	CN	40.9519	117.9588
Salem	IN	11.6538	78.1554
São Luís	BR	-2.5297	-44.3028
Seongnam-si	KR	37.4386	127.1378
Cartagena	CO	10.3982	-75.4933
Antipolo	PH	14.6258	121.1225
Columbus	US	39.9612	-82.9988
Sialkot	PK	32.4927	74.5313
Charlotte	US	35.2271	-80.8431
Laibin	CN	23.7474	109.2222
Warri	NG	5.5174	5.7501
Naples	IT	40.8522	14.2681
Xiaogan	CN	30.9269	113.9222
Wuchuan	CN	21.4571	110.7659
Campo Grande	BR	-20.4428	-54.6464
Ziyang	CN	30.1211	104.6481
Bobo-Dioulasso	BF	11.1806	-4.2949
Bahawalpur	PK	29.3978	71.6752
Quzhou	CN	28.9594	118.8686
Blantyre	MW	-15.785	35.0085
Donetsk	UA	48.023	37.8022
Qom	IR	34.6401	50.8764
Bishkek	KG	42.87	74.59
Abū Ghurayb	IQ	33.3056	44.1848
Krasnodar	RU	45.0453	38.9818
Natal	BR	-5.795	-35.2094
Pingxiang	CN	27.6167	113.8535
Malang	ID	-7.9797	112.6304
Cancún	MX	21.1743	-86.8466
Indianapolis	US	39.7684	-86.158
Gurugram	IN	28.4601	77.0263
Bhubaneswar	IN	20.2724	85.8338
Zhoushan	CN	29.9887	122.2049
Qiqihar	CN	47.3392	123.9615
Mulenvos	AO	-8.8669	13.3344
Sulaymaniyah	IQ	35.565	45.4329
Marseille	FR	43.297	5.3811
Bhiwandi	IN	19.3002	73.0588
Soshanguve	ZA	-25.4729	28.0992
Laiyang	CN	36.9758	120.7136
Daye	CN	30.0833	114.95
Teresina	BR	-5.0892	-42.8019
Ankang	CN	32.68	109.0172
Jalandhar	IN	31.3256	75.5792
Rotterdam	NL	51.9225	4.4792
Langfang	CN	39.5208	116.7147
Lhasa	CN	29.65	91.1
Duque de Caxias	BR	-22.7856	-43.3117
Viana	AO	-8.9055	13.375
Jiaozuo	CN	35.2392	113.2391
Samarinda	ID	-0.4917	117.1458
Benxi	CN	41.2886	123.765
Rohini	IN	28.7432	77.0678
Wanxian	CN	30.816	108.3741
Guang’an	CN	30.4741	106.637
Johor Bahru	MY	1.4655	103.7578
Arifwala	PK	30.2906	73.0657
Pasig City	PH	14.5869	121.0614
Cheongju-si	KR	36.6372	127.4897
Kanayannur	IN	9.9667	76.2667
Tegucigalpa	HN	14.0818	-87.2068
Bucheon-si	KR	37.4989	126.7831
Thanh Hóa	VN	19.8	105.7667
Turin	IT	45.0705	7.6868
Al Ain City	AE	24.1917	55.7606
Libreville	GA	0.3924	9.4536
Saratov	RU	51.5405	45.9901
Ulan Bator	MN	47.9077	106.8832
Weihai	CN	37.5091	122.1136
Takeo	KH	10.9908	104.785
Nova Iguaçu	BR	-22.7592	-43.4511
Cochabamba	BO	-17.3819	-66.1599
Ahvaz	IR	31.319	48.6842
Vientiane	LA	17.9667	102.6
São Bernardo do Campo	BR	-23.6939	-46.565
Zhabei	CN	31.2586	121.4597
Shangyu	CN	30.0156	120.8711
Xinyu	CN	27.8043	114.9334
Pietermaritzburg	ZA	-29.6168	30.3928
Yibin	CN	28.7593	104.6399
Naucalpan de Juárez	MX	19.4785	-99.2396
Kampung Baru Subang	MY	3.15	101.5333
Bouaké	CI	7.6939	-5.0303
Taicang	CN	31.4478	121.0939
San Francisco	US	37.7749	-122.4194
Sakai	JP	34.5822	135.4665
Jiaojiang	CN	28.6984	121.4733
Valencia	ES	39.4739	-0.3797
Jinshan	CN	30.8356	121.2937
Chenzhou	CN	25.8	113.0333
João Pessoa	BR	-7.115	-34.8631
Bukavu	CD	-2.4908	28.8428
Kraków	PL	50.0614	19.9366
Dandong	CN	40.1292	124.3947
Barcelona	VE	10.1384	-64.6877
Bangui	CF	4.3612	18.555
Hermosillo	MX	29.0887	-110.9668
Bhayandar	IN	19.3016	72.8511
Culiacán	MX	24.8021	-107.3942
Petaling Jaya	MY	3.1073	101.6067
Anqing	CN	30.5136	117.0472
Oran	DZ	35.6991	-0.6359
Freetown	SL	8.4871	-13.2356
San Pedro Sula	HN	15.5059	-88.0259
Narela	IN	28.8527	77.0929
Xingtai	CN	37.0622	114.4927
Niigata	JP	37.9226	139.0412
Muscat	OM	23.5841	58.4078
Zarqa	JO	32.0727	36.088
Çankaya	TR	39.9179	32.8627
Küçükçekmece	TR	40.991	28.7712
Hamamatsu	JP	34.7	137.7333
Kolwezi	CD	-10.7148	25.4667
Vinh	VN	18.6734	105.6923
Thiruvananthapuram	IN	8.4855	76.9492
Zhaotong	CN	27.3167	103.7167
Hondlon	CN	40.6483	109.7939
Panzhihua	CN	26.5851	101.7128
Chuzhou	CN	32.3219	118.2978
Seattle	US	47.6062	-122.3321
Port Said	EG	31.2653	32.3019
Cúcuta	CO	7.9074	-72.5049
Homs	SY	34.724	36.7256
Xuancheng	CN	30.9525	118.7553
Ibb	YE	13.9667	44.1833
Tasikmalaya	ID	-7.3274	108.2207
Nampula	MZ	-15.1165	39.2666
Bujumbura	BI	-3.3819	29.3614
Tyumen	RU	57.1522	65.5272
Erzurum	TR	39.9086	41.2769
Anshun	CN	26.25	105.9333
Dodoma	TZ	-6.1722	35.7395
Rajshahi	BD	24.374	88.6011
Dera Ismail Khan	PK	31.8313	70.9017
Sorocaba	BR	-23.5017	-47.4581
Wuzhou	CN	23.4805	111.2885
Ipoh	MY	4.5841	101.0829
Qinhuangdao	CN	39.941	119.5894
Benghazi	LY	32.1149	20.0686
Uberlândia	BR	-18.9186	-48.2772
Alīgarh	IN	27.8815	78.0746
Shaoyang	CN	27.2382	111.4621
Malatya	TR	38.3502	38.3167
Winnipeg	CA	49.8844	-97.147
Ōta	JP	35.5613	139.716
Andijon	UZ	40.7834	72.3507
Bareilly	IN	28.3668	79.4317
Buraydah	SA	26.326	43.975
Hegang	CN	47.3473	130.2903
Morelia	MX	19.7008	-101.1844
Riga	LV	56.946	24.1059
Zhuanghe	CN	39.7008	122.9911
Amsterdam	NL	52.374	4.8897
Cagayan de Oro	PH	8.4822	124.6472
Ma’anshan	CN	31.6858	118.5101
Shah Alam	MY	3.0851	101.5328
Bağcılar	TR	41.039	28.8567
Shizuishan	CN	38.9808	106.3892
Kumamoto	JP	32.8059	130.6918
Oyo	NG	7.8537	3.9324
Serang	ID	-6.1153	106.1542
Torreón	MX	25.5439	-103.419
Deyang	CN	31.1302	104.382
Abeokuta	NG	7.1557	3.3451
Al Ḩudaydah	YE	14.7978	42.9545
Yangquan	CN	37.8575	113.5633
Akure	NG	7.2526	5.1931
Denver	US	39.7392	-104.9847
Osasco	BR	-23.5325	-46.7917
Kikolo	AO	-8.7815	13.3338
Maianga	AO	-8.8469	13.237
São José dos Campos	BR	-23.1794	-45.8869
Álvaro Obregón	MX	19.3587	-99.2033
Aihara	JP	35.6	139.3167
Evaton	ZA	-26.5333	27.85
Valenzuela	PH	14.7	120.9667
Muzaffarābād	PK	34.37	73.4708
Okayama	JP	34.65	133.9333
San Luis Potosí	MX	22.1523	-100.9714
Aguascalientes	MX	21.8826	-102.2843
General Santos	PH	6.1128	125.1717
Zhumadian	CN	32.9838	114.0259
Morādābād	IN	28.8389	78.7768
Sagamihara	JP	35.5671	139.2417
Qingshan	CN	40.6631	109.8817
Mississauga	CA	43.5789	-79.6583
Lviv	UA	49.8383	24.0232
Namangan	UZ	40.9983	71.6726
Zaporizhzhya	UA	47.8517	35.1171
Zanzibar	TZ	-6.1639	39.1979
Saltillo	MX	25.426	-100.9796
Latakia	SY	35.5312	35.7909
Subang Jaya	MY	3.0438	101.5806
Warangal	IN	18.0	79.5833
Paranaque City	PH	14.4816	121.0175
Tolyatti	RU	53.5303	49.3461
Santo Domingo Oeste	DO	18.5	-70.0
Santo Domingo Este	DO	18.4851	-69.8476
Dhārāvi	IN	19.05	72.8667
Battagram	PK	34.6772	73.0233
Suez	EG	29.9737	32.5263
Changzhi	CN	35.2089	111.7386
Ribeirão Preto	BR	-21.1775	-47.8103
Agadir	MA	30.4202	-9.5982
Edogawe	JP	35.6923	139.8731
Sarajevo	BA	43.8486	18.3564
Balikpapan	ID	-1.2675	116.8289
Adachi	JP	35.7632	139.8076
Changning	CN	31.2174	121.421
Bauchi	NG	10.3103	9.8439
Shizuoka	JP	34.9833	138.3833
Tunis	TN	36.819	10.1658
Zhangjiakou	CN	40.7834	114.8714
Washington	US	38.8951	-77.0364
Nashville	US	36.1659	-86.7844
Fuxin	CN	42.0156	121.6589
Ta’if	SA	21.2703	40.4158
Changsha	CN	22.3812	112.6849
Huangshi	CN	30.2471	115.0481
Liaoyang	CN	41.2719	123.1731
Hlaingthaya	MM	16.85	96.0667
Beira	MZ	-19.8436	34.8389
Hongkou	CN	31.25	121.4892
Zaragoza	ES	41.6561	-0.8773
Sevilla	ES	37.3828	-5.9732
Baise	CN	23.8901	106.6268
Pontianak	ID	-0.0319	109.325
Situbondo	ID	-7.7062	114.0098
Agege	NG	6.6156	3.3334
Binzhou	CN	37.3667	118.0167
Oklahoma City	US	35.4676	-97.5164
Yuncheng	CN	35.0231	110.9928
Dezhou	CN	37.4466	116.3671
Dushanbe	TJ	38.5358	68.779
Cotonou	BJ	6.3654	2.4183
El Paso	US	31.7587	-106.4869
Gorakhpur	IN	26.7663	83.3689
Guadalupe	MX	25.6766	-100.2591
Wrocław	PL	51.1029	17.0301
Denpasar	ID	-8.65	115.2167
Guntur	IN	16.2997	80.4573
Katsina	NG	12.9908	7.6018
Sanmenxia	CN	34.7808	111.1929
E’zhou	CN	30.3961	114.8865
Madīnat an Naşr	EG	30.0667	31.3
Camama	AO	-8.9361	13.2652
Tabuk	SA	28.3998	36.5715
Kitwe	ZM	-12.8024	28.2132
Bulawayo	ZW	-20.15	28.5833
Mudanjiang	CN	44.548	129.6259
Aracaju	BR	-10.9111	-37.0717
Joinville	BR	-26.3044	-48.8456
Athens	GR	37.9838	23.7278
Zagreb	HR	45.8144	15.978
Leshan	CN	29.5623	103.7639
Santo André	BR	-23.6639	-46.5383
Vancouver	CA	49.2497	-123.1193
Rizhao	CN	35.4141	119.5291
Helsinki	FI	60.1695	24.9354
Cheonan	KR	36.8065	127.1522
Acapulco de Juárez	MX	16.8494	-99.9089
Dongcun	CN	36.7767	121.1597
Banjarmasin	ID	-3.3199	114.5907
Puducherry	IN	11.9338	79.8298
Suining	CN	30.508	105.5733
Brampton	CA	43.6834	-79.7663
Huangpu	CN	31.2378	121.4781
Golfe	AO	-8.8664	13.2617
Puyang	CN	35.7564	115.0436
Soacha	CO	4.5794	-74.2168
Boston	US	42.3584	-71.0598
Tlalnepantla	MX	19.5401	-99.1954
Jājmau	IN	26.4304	80.4095
Portland	US	45.5234	-122.6762
Calumbo	AO	-9.1469	13.4194
Tlaquepaque	MX	20.6412	-103.2934
Frankfurt am Main	DE	50.1155	8.6842
Macau	MO	22.2006	113.5461
Palermo	IT	38.1166	13.3636
Izhevsk	RU	56.8522	53.1986
Colombo	LK	6.9355	79.8487
Maturín	VE	9.7457	-63.1832
Amravati	IN	20.9333	77.75
Lingyuan	CN	41.24	119.4011
Detroit	US	42.3314	-83.0457
Osogbo	NG	7.771	4.557
Mingguang	CN	32.7802	117.9638
Honchō	JP	35.7013	139.9865
Bikaner	IN	28.0176	73.3149
Jaboatão dos Guararapes	BR	-8.1128	-35.0147
Hoji ya Henda	AO	-8.8052	13.2897
Las Vegas	US	36.175	-115.1372
New South Memphis	US	35.0868	-90.0568
Hwaseong-si	KR	37.2068	126.8169
Gold Coast	AU	-28.0003	153.4309
Łódź	PL	51.7706	19.4739
Jeonju	KR	35.8219	127.1489
Chongming	CN	31.6185	121.6962
Al Aḩmadī	KW	29.0769	48.0839
Cuenca	EC	-2.8953	-78.9963
Chisinau	MD	47.009	28.8594
Likasi	CD	-10.983	26.7384
Jambi City	ID	-1.6	103.6167
Hebi	CN	35.7323	114.2862
Comilla	BD	23.4619	91.185
Tshikapa	CD	-6.4162	20.7999
Chunian	PK	30.9662	73.9791
Kochi	IN	9.9399	76.2602
Memphis	US	35.1495	-90.049
Jingmen	CN	31.0336	112.2047
Barnaul	RU	53.362	83.7279
Piura	PE	-5.1819	-80.6572
Siping	CN	43.1614	124.3778
Bhilai	IN	21.2092	81.4285
Ndola	ZM	-12.9587	28.6366
Contagem	BR	-19.9317	-44.0536
Ulyanovsk	RU	54.3282	48.3866
Djibouti	DJ	11.589	43.145
Glasgow	GB	55.8651	-4.2576
Panshan	CN	41.1881	122.0494
Louisville	US	38.2542	-85.7594
Irkutsk	RU	52.2957	104.2908
Ansan-si	KR	37.3236	126.8219
Al Mansurah	EG	31.0364	31.3807
Kermanshah	IR	34.3142	47.065
Jiaozhou	CN	36.2839	120.0033
Düsseldorf	DE	51.2232	6.7793
Suizhou	CN	31.7111	113.3631
Villa Nueva	GT	14.5251	-90.5854
Khabarovsk	RU	48.462	135.0971
Cuiabá	BR	-15.5961	-56.0967
Arusha	TZ	-3.3667	36.6833
Feira de Santana	BR	-12.2667	-38.9667
Las Piñas	PH	14.4506	120.9828
Chizhou	CN	30.6613	117.4778
Coyoacán	MX	19.3467	-99.1617
Stuttgart	DE	48.7823	9.177
Ya'an	CN	29.9852	102.999
Cuttack	IN	20.465	85.8793
Borivli	IN	19.235	72.8598
Chiclayo	PE	-6.7701	-79.855
Yaroslavl	RU	57.6299	39.8737
Gothenburg	SE	57.7072	11.9668
Kawaguchi	JP	35.8052	139.7107
Bukit Rahman Putra	MY	3.2173	101.5608
Jhang Sadr	PK	31.2698	72.3169
Ha'il	SA	27.5219	41.6907
Bhavnagar	IN	21.7629	72.1533
Benoni	ZA	-26.1885	28.3208
Vladivostok	RU	43.1056	131.8735
Tuxtla	MX	16.7536	-93.1158
Kryvyy Rih	UA	47.9057	33.394
Sanming	CN	26.2486	117.6186
Islamabad	PK	33.7215	73.0433
Sāngli	IN	16.8544	74.5642
Jamnagar	IN	22.4729	70.0667
Lubango	AO	-14.9172	13.4925
Pokhara	NP	28.2669	83.9685
Shuangyashan	CN	46.6769	131.1327
Borama	SO	9.9361	43.1828
Pallabi	BD	23.825	90.37
Luancheng	CN	37.8845	114.6463
Makhachkala	RU	42.9778	47.5003
Anyang-si	KR	37.3925	126.9269
Huambo	AO	-12.7761	15.7392
Samarkand	UZ	39.6546	66.9644
Mengzi	CN	23.3678	103.3821
Kagoshima	JP	31.5667	130.55
Mukalla	YE	14.5425	49.1242
Rasht	IR	37.2761	49.5886
Mar del Plata	AR	-38.0004	-57.5562
Essen	DE	51.4566	7.0123
Al Maḩallah al Kubrá	EG	30.9706	31.1669
Málaga	ES	36.7202	-4.4203
Shekhupura	PK	31.7129	73.9856
Yingkou	CN	40.6647	122.2318
Zhangzhou	CN	24.5133	117.6556
Reynosa	MX	26.08	-98.2846
Thuận An	VN	10.9239	106.7143
Dortmund	DE	51.5149	7.466
Suginami	JP	36.2013	140.2841
Baltimore	US	39.2904	-76.6122
Itabashi	JP	35.7489	139.715
New Kingston	JM	18.0075	-76.7832
Pelentong	MY	1.5243	103.824
Cimahi	ID	-6.8722	107.5425
Londrina	BR	-23.3103	-51.1628
Bucaramanga	CO	7.125	-73.1189
Genoa	IT	44.4048	8.9444
Hachiōji	JP	35.6558	139.3239
Nha Trang	VN	12.2451	109.1943
Malacca	MY	2.196	102.2405
Kerman	IR	30.2832	57.0788
Orūmīyeh	IR	37.5527	45.0761
Bahçelievler	TR	41.0023	28.8598
Tanta	EG	30.7885	31.0019
Jammu	IN	32.7353	74.8617
Iskandar Puteri	MY	1.3932	103.6232
Calamba	PH	14.2117	121.1653
Tlalpan	MX	19.2951	-99.1621
Herāt	AF	34.3482	62.1997
Dongsheng	CN	39.8161	109.9776
Gujrat	PK	32.5742	74.0754
Tomsk	RU	56.5005	84.9822
Umraniye	TR	41.0164	29.1248
Shihezi	CN	44.3023	86.0369
South Boston	US	42.3334	-71.0495
Nakuru	KE	-0.3072	36.0722
Hamilton	CA	43.2501	-79.8496
Irbid	JO	32.5556	35.85
Manchester	GB	53.4809	-2.2374
Kota Bharu	MY	6.1236	102.2433
Surrey	CA	49.1063	-122.8251
Meknes	MA	33.8935	-5.5473
Puente Alto	CL	-33.6117	-70.5758
Nyala	SD	12.0489	24.8807
Xinmin	CN	41.9908	122.8253
Dresden	DE	51.0509	13.7383
Orenburg	RU	51.7671	55.0988
Albuquerque	US	35.0845	-106.6511
Bokāro	IN	23.6693	86.1516
Asmara	ER	15.3381	38.9318
Sukkur	PK	27.7032	68.8589
Milwaukee	US	43.0389	-87.9065
Chợ Lớn	VN	10.753	106.659
Wenchang	CN	19.5516	110.8028
Ile-Ife	NG	7.4824	4.5603
Gombe	NG	10.2897	11.1673
Hamhŭng	KP	39.9183	127.5364
Kemerovo	RU	55.3542	86.1043
Nasiriyah	IQ	31.058	46.2573
Bloemfontein	ZA	-29.1211	26.214
Sheffield	GB	53.383	-1.4659
Santiago de Cuba	CU	20.0229	-75.8217
Cuautitlán Izcalli	MX	19.6439	-99.216
Benguela	AO	-12.5767	13.4027
Chuxiong	CN	25.0364	101.5456
Balbala	DJ	11.5619	43.1067
Huaihua	CN	27.5634	110.004
Sishui	CN	35.6489	117.2758
Muntinlupa	PH	14.3903	121.0475
Bình Thạnh	VN	10.811	106.706
Zahedan	IR	29.4963	60.8629
Banqiao	TW	25.0143	121.4672
Nanded	IN	19.1602	77.315
Kozhikode	IN	11.248	75.7804
Ulanqab	CN	40.993	113.133
Pristina	XK	42.6727	21.1669
Cabinda	AO	-5.562	12.1948
Ajegunle	NG	6.452	3.3312
Jiamusi	CN	46.7971	130.3112
Korla	CN	41.7606	86.1523
Kolhāpur	IN	16.6956	74.2317
Porto Velho	BR	-8.7619	-63.9039
San Miguel de Tucumán	AR	-26.816	-65.2105
Kuantan	MY	3.8077	103.326
Sevastopol	UA	44.608	33.5213
Nellore	IN	14.4499	79.987
Mirpur Model Thana	BD	23.8093	90.3609
Bremen	DE	53.0758	8.8072
Wanning	CN	18.7993	110.3841
Owerri	NG	5.4836	7.0332
Kota Kuala Muda	MY	5.5882	100.3709
Sungai Petani	MY	5.647	100.4877
Xinzhou	CN	38.4092	112.7333
Kotō	JP	32.7786	130.7454
Kalaburagi	IN	17.3358	76.8376
Tucson	US	32.2217	-110.9265
Selayang Baru Utara	MY	3.2549	101.6668
Vilnius	LT	54.6892	25.2798
Ajmer	IN	26.4521	74.6387
Pingdu	CN	36.7844	119.9464
Fresno	US	36.7477	-119.7724
Mbeya	TZ	-8.9	33.45
Juiz de Fora	BR	-21.7642	-43.3503
Calabar	NG	4.9589	8.327
Oujda	MA	34.6814	-1.9086
Novokuznetsk	RU	53.7575	87.136
Ryazan’	RU	54.627	39.7041
Ji’an	CN	27.1172	114.9793
Sahiwal	PK	31.9739	72.3311
Sahiwal	PK	30.6659	73.1019
Mersin	TR	36.812	34.6389
Nilüfer	TR	40.214	28.9157
Leeds	GB	53.7965	-1.5478
Poznań	PL	52.4069	16.9299
Aqsu	CN	41.1842	80.2792
Ebute Ikorodu	NG	6.6009	3.4882
Ananindeua	BR	-1.3656	-48.3722
Tanggu	CN	39.0211	117.6469
Pasir Gudang	MY	1.462	103.9053
Astrakhan	RU	46.3497	48.0408
Okara	PK	30.8103	73.4515
Nansana	UG	0.3639	32.5286
Kimhae	KR	35.2342	128.8811
Ar Raqqah	SY	35.9528	39.0079
Québec	CA	46.8123	-71.2145
Cuauhtémoc	MX	19.4451	-99.1461
Shangluo	CN	33.8667	109.9306
Himeji	JP	34.8167	134.7
Ibagué	CO	4.4357	-75.2029
Antwerp	BE	51.2205	4.4003
Assiut	EG	27.181	31.1837
Hamadān	IR	34.7992	48.5146
Qionghai	CN	19.2425	110.4642
Aparecida de Goiânia	BR	-16.8233	-49.2439
Cangzhou	CN	38.3112	116.8533
Mohammadpur	BD	24.8984	88.5284
Surakarta	ID	-7.5561	110.8317
Yuanping	CN	38.7153	112.7575
San Salvador	SV	13.6893	-89.1872
Beihai	CN	21.4835	109.1155
Van	TR	38.4946	43.3832
Sacramento	US	38.5816	-121.4944
Thủ Đức	VN	10.8486	106.7721
Üsküdar	TR	41.0227	29.0137
Penza	RU	53.1957	45.0108
Mazār-e Sharīf	AF	36.709	67.1109
Kandahār	AF	31.6133	65.7101
Hengshui	CN	37.7391	115.6835
Dehradun	IN	30.3244	78.0339
Erode	IN	11.3428	77.7274
Lyon	FR	45.7491	4.8479
Salta	AR	-24.8065	-65.42
Serra	BR	-20.1286	-40.3078
Esenler	TR	41.0435	28.8762
Daxing’anling	CN	52.3338	124.7124
Qui Nhon	VN	13.7765	109.2237
Al Fayyum	EG	29.31	30.8418
Durgapur	IN	23.5158	87.308
Utsunomiya	JP	36.5667	139.8833
Victoria de Durango	MX	24.0203	-104.6576
Belford Roxo	BR	-22.7642	-43.3994
Lisbon	PT	38.7251	-9.1498
Rahim Yar Khan	PK	28.4199	70.3034
Ulhasnagar	IN	19.2167	73.15
Guangyuan	CN	32.442	105.823
Loni	IN	28.7514	77.2902
Siliguri	IN	26.71	88.4285
Nuremberg	DE	49.4542	11.0775
Niterói	BR	-22.8833	-43.1036
Ujjain	IN	23.1824	75.7764
Hannover	DE	52.3705	9.7332
Edinburgh	GB	55.9521	-3.1965
Macapá	BR	0.0389	-51.0664
Xianning	CN	29.8435	114.322
Toulouse	FR	43.6043	1.4437
Thembisa	ZA	-25.9964	28.2268
Carrefour	HT	18.5333	-72.4
Matsuyama	JP	33.8392	132.7657
Bilimora	IN	20.7696	72.9613
Kasur	PK	31.1187	74.4502
Atlanta	US	33.749	-84.388
Heroica Matamoros	MX	25.8797	-97.5042
Makati City	PH	14.5503	121.0327
Buda	HU	47.5	19.0333
Tonghua	CN	41.7197	125.9264
Mianzhu, Deyang, Sichuan	CN	31.3379	104.2206
Naberezhnyye Chelny	RU	55.7372	52.4196
Lipetsk	RU	52.5876	39.5515
Kikwit	CD	-5.041	18.8162
Florianópolis	BR	-27.5967	-48.5492
Banan	CN	29.3786	106.54
Newcastle	AU	-32.9295	151.7801
Tuen Mun	HK	22.3917	113.9716
Zhangye	CN	38.9342	100.4517
Kirov	RU	58.5981	49.6578
Kashgar	CN	39.4672	75.9868
Mukim Pulai	MY	1.5333	103.6667
Najrān	SA	17.4933	44.1277
Karol Bāgh	IN	28.6514	77.1907
Zhoukou	CN	33.6333	114.6333
Leipzig	DE	51.3396	12.3713
Pingliang	CN	35.5392	106.6861
Kalininskiy	RU	59.9967	30.3899
Duisburg	DE	51.4325	6.7652
Āsansol	IN	23.6833	86.9833
Arāk	IR	34.0949	49.6981
Maipú	CL	-33.5142	-70.7651
Homyel'	BY	52.4345	30.9754
Aktobe	KZ	50.2797	57.2072
Kota Kinabalu	MY	5.9749	116.0724
Talatona	AO	-8.9178	13.1856
Kota Damansara	MY	3.1545	101.5802
Kampung Larkin Lama	MY	1.5024	103.744
Jalalpur Pirwala	PK	29.5051	71.222
Mangaluru	IN	12.9172	74.856
Zhucheng	CN	35.9947	119.3975
Santa Marta	CO	11.2386	-74.1943
Matsudo	JP	35.7799	139.9014
Hāthazāri	BD	22.5052	91.8134
Lapu-Lapu City	PH	10.3103	123.9494
Karagandy	KZ	49.8019	73.1021
Loudi	CN	27.7344	111.9944
Liverpool	GB	53.4106	-2.9779
Ichikawa	JP	35.7341	139.9065
Sha Tin	HK	22.3833	114.1833
Dera Ghazi Khan	PK	30.0459	70.6403
Hecun	CN	36.5333	114.1111
Higashiosaka	JP	34.6667	135.5833
Pindi Bhattian	PK	31.8984	73.2734
Cheboksary	RU	56.1322	47.246
Pohang	KR	36.0292	129.3648
Shanwei	CN	22.782	115.3475
Montería	CO	8.7508	-75.8782
Ruiru	KE	-1.1466	36.9609
Valledupar	CO	10.4654	-73.2531
Belagavi	IN	15.8521	74.5045
Ajman	AE	25.4018	55.4788
Jianshui	CN	24.2774	101.224
Sancaktepe	TR	41.0024	29.2319
Port Sudan	SD	19.6175	37.2164
Toluca	MX	19.2879	-99.6532
Ciudad López Mateos	MX	19.5579	-99.2567
Al Khuşūş	EG	30.1529	31.315
Jeju City	KR	33.5097	126.5219
Gdańsk	PL	54.3523	18.6491
Miami	US	25.7743	-80.1937
Omaha	US	41.2563	-95.9404
Nishinomiya	JP	34.7156	135.332
Masina	CD	-4.3836	15.3914
Sahāranpur	IN	29.9679	77.5452
Vellore	IN	12.9184	79.1325
Donghe	CN	40.5661	110.0197
Kurashiki	JP	34.5833	133.7667
Campos dos Goytacazes	BR	-21.7523	-41.3304
Angeles City	PH	15.15	120.5833
Bhātpāra	IN	22.8664	88.4011
Jijiga	ET	9.35	42.8
Tula	RU	54.1961	37.6182
Najaf	IQ	32.0259	44.3462
Raleigh	US	35.7721	-78.6386
Imus	PH	14.4297	120.9367
Xichang	CN	27.8964	102.2634
Malegaon	IN	20.5497	74.5346
Zaoyang	CN	32.1272	112.7542
São José do Rio Preto	BR	-20.8197	-49.3794
Caxias do Sul	BR	-29.1681	-51.1794
Karabağlar	TR	38.382	27.132
Okene	NG	7.5512	6.2359
Uijeongbu-si	KR	37.7415	127.0474
Bristol	GB	51.4552	-2.5966
East London	ZA	-33.0153	27.9116
Chéngguān Qū	CN	29.6384	91.0444
Yazd	IR	31.8972	54.3675
Hargeysa	SO	9.56	44.065
Ōita	JP	33.2333	131.6
Jincheng	CN	35.5022	112.8328
Hongjiang	CN	27.11	109.9956
Modīnagar	IN	28.8306	77.573
Taoyuan	TW	24.9937	121.297
Eldoret	KE	0.5204	35.2699
Kansas City	US	39.0997	-94.5786
Yan’an	CN	36.5989	109.4917
Kaliningrad	RU	54.7064	20.511
Skopje	MK	41.9965	21.4314
Kupang	ID	-10.1708	123.6069
Vereeniging	ZA	-26.6731	27.9261
The Hague	NL	52.0767	4.2986
Long Beach	US	33.767	-118.1892
Gaya	IN	24.7969	85.0038
Iloilo	PH	10.6969	122.5644
Shouguang	CN	36.88	118.7375
Jingdezhen	CN	29.2947	117.2079
Murcia	ES	37.987	-1.13
Mesa	US	33.4223	-111.8226
Halifax	CA	44.6427	-63.5769
Morogoro	TZ	-6.821	37.6612
Marikina City	PH	14.6481	121.1133
Kenitra	MA	34.261	-6.5802
Seeb	OM	23.6703	58.1891
Cilegon	ID	-6.0144	106.0542
Mykolayiv	UA	46.9763	31.993
Fukuyama	JP	34.4833	133.3667
Staten Island	US	40.5623	-74.1399
Nanping	CN	26.645	118.1736
Pereira	CO	4.8143	-75.6949
Ciudad Apodaca	MX	25.7814	-100.1891
São João de Meriti	BR	-22.8039	-43.3722
Ambattur	IN	13.0982	80.1615
Kanazawa	JP	36.6	136.6167
Gonder	ET	12.6	37.4667
Mandaluyong City	PH	14.5832	121.0409
Mixco	GT	14.6308	-90.6071
Longshan	CN	42.8854	125.1367
Ikare	NG	7.5259	5.7534
Nova Vida	AO	-8.9055	13.2221
Vũng Tàu	VN	10.346	107.0843
Maracay	VE	10.2497	-67.5948
Tamale	GH	9.4008	-0.8393
Heyuan	CN	23.7333	114.6833
Dĩ An	VN	10.9068	106.7694
Kira	UG	0.4	32.6333
Esna	EG	25.2934	32.554
Huangshan	CN	29.7114	118.3125
Ḩamāh	SY	35.1318	36.7578
Jalgaon	IN	21.0029	75.566
Kurnool	IN	15.8289	78.036
Yola	NG	9.2084	12.4815
Tieling	CN	42.2931	123.8414
Rạch Giá	VN	10.0124	105.0809
Amagasaki	JP	34.7167	135.4167
Manado	ID	1.4822	124.8489
Santo Domingo de los Colorados	EC	-0.2537	-79.1763
Ţarţūs	SY	34.889	35.8866
Mek'ele	ET	13.4967	39.4753
Nazrēt	ET	8.55	39.2667
Colorado Springs	US	38.8339	-104.8214
Huancayo	PE	-12.0687	-75.2103
Al Hillah	IQ	32.4637	44.4196
Mbandaka	CD	0.0486	18.2603
Namp’o	KP	38.7375	125.4078
Malanje	AO	-9.5402	16.341
Ciudad General Escobedo	MX	25.7966	-100.3177
Bacolod City	PH	10.6667	122.95
Virginia Beach	US	36.8529	-75.978
Wafangdian	CN	39.6183	122.0081
Mansilingan	PH	10.6311	122.9789
Kahama	TZ	-3.8333	32.6
Hsinchu	TW	24.8036	120.9686
Katsushika	JP	35.7333	139.85
Bornova	TR	38.4792	27.2399
Rāmgundam	IN	18.8008	79.4521
Batman	TR	37.8874	41.1322
Yongji	CN	34.8661	110.4403
Lishui	CN	28.4604	119.9103
Udaipur	IN	24.5858	73.7135
Warder	ET	6.9744	45.3408
Wenshan City	CN	23.3631	104.2505
Muratpaşa	TR	36.8916	30.765
Juba	SS	4.8517	31.5825
Eslamshahr	IR	35.5522	51.235
Bắc Giang	VN	21.2731	106.1946
Şanlıurfa	TR	37.1671	38.7939
Kursk	RU	51.7269	36.1846
Maheshtala	IN	22.5086	88.2532
Nam Định	VN	20.4339	106.1773
Constantine	DZ	36.365	6.6147
Patiāla	IN	30.3362	76.3922
Boksburg	ZA	-26.212	28.2596
Basuo	CN	19.1027	108.6656
Campina Grande	BR	-7.2306	-35.8811
Ensenada	MX	31.8715	-116.6007
Elazığ	TR	38.6743	39.2232
Jundiaí	BR	-23.1864	-46.8842
Xochimilco	MX	19.2547	-99.1036
Shyamnagar	IN	22.8333	88.3667
Dasmariñas	PH	14.3294	120.9367
Zhangjiajie	CN	29.1294	110.4783
Mataram	ID	-8.5833	116.1167
Korhogo	CI	9.458	-5.6296
Piracicaba	BR	-22.7253	-47.6492
Fujisawa	JP	35.3493	139.4767
Bissau	GW	11.8636	-15.5977
Zhongxiang	CN	31.1661	112.5831
Sandakan	MY	5.8402	118.1179
Mawlamyine	MM	16.4905	97.6282
Laval	CA	45.5699	-73.692
Palma	ES	39.5694	2.6502
Montes Claros	BR	-16.735	-43.8617
Sunch’ŏn	KP	39.4317	125.9328
Sultangazi	TR	41.1065	28.8685
Uyo	NG	5.0513	7.9335
Bei’an	CN	48.2667	126.6
Davangere	IN	14.4669	75.9269
Macheng	CN	31.1801	115.0221
Ado-Ekiti	NG	7.6233	5.2209
Manizales	CO	5.0668	-75.5068
Masan	KR	35.1272	126.8315
Buôn Ma Thuột	VN	12.6675	108.0378
Stavropol	RU	45.0344	41.9642
Shuozhou	CN	39.3158	112.4225
Kashiwa	JP	35.8622	139.9773
Ogbomoso	NG	8.1337	4.2401
Tel Aviv	IL	32.0809	34.7806
Buenaventura	CO	3.5833	-77.0
Welkom	ZA	-27.9774	26.7351
Sham Shui Po	HK	22.3302	114.1595
Machida	JP	35.5403	139.4508
Venustiano Carranza	MX	19.4436	-99.105
Zagazig	EG	30.5877	31.502
Vinnytsya	UA	49.2322	28.4687
Ismailia	EG	30.6043	32.2722
Ningde	CN	26.6617	119.5228
Akola	IN	20.7096	76.9981
Kima Kieza	AO	-8.8341	13.2952
Cusco	PE	-13.5319	-71.967
Jiuquan	CN	39.7432	98.5174
Veracruz	MX	19.1809	-96.1429
East Jerusalem	PS	31.7834	35.2339
Bryansk	RU	53.271	34.3214
Maltepe	TR	40.9357	29.1551
Sumgayit	AZ	40.5897	49.6686
Tando Bago	PK	24.7891	68.9654
Kuala Terengganu	MY	5.3302	103.1408
Toyota	JP	35.0833	137.15
Matadi	CD	-5.8386	13.4631
Al Kharj	SA	24.1554	47.3346
Wong Tai Sin	HK	22.35	114.1833
Minna	NG	9.6152	6.5478
Mandaluyong	PH	14.5784	121.0352
Xalapa de Enríquez	MX	19.5312	-96.9159
Rajpur Sonarpur	IN	22.4382	88.4321
Bratislava	SK	48.1482	17.1067
Taman Petaling	MY	3.1992	101.6498
Shinagawa	JP	33.6363	133.0057
Al Ḩasakah	SY	36.5024	40.7477
Luxor	EG	25.6989	32.6421
London	CA	42.9834	-81.233
Awasa	ET	7.0621	38.4763
Chimoio	MZ	-19.1164	33.4833
Tando Allahyar	PK	25.4605	68.7174
Daloa	CI	6.8773	-6.4502
Barra da Tijuca	BR	-22.9983	-43.3655
Dingxi	CN	35.5709	104.623
Bamenda	CM	5.9597	10.146
Tver	RU	56.8584	35.9006
Thái Nguyên	VN	21.5942	105.8482
Boa Vista	BR	2.8197	-60.6733
Rio Branco	BR	-9.9747	-67.81
Oakland	US	37.8044	-122.2708
Christchurch	NZ	-43.5333	172.6333
Korba	IN	22.3458	82.6963
Takamatsu	JP	34.3333	134.05
Kowloon City	HK	22.3305	114.1922
Santos	BR	-23.9608	-46.3336
Tirana	AL	41.3274	19.8187
Petrolina	BR	-9.3986	-40.5008
Mauá	BR	-23.6678	-46.4614
San Juan	PR	18.4663	-66.1057
Alor Setar	MY	6.121	100.3601
Tongchuan	CN	34.8988	108.9506
Pasay	PH	14.5375	121.0014
Nuevo Laredo	MX	27.4763	-99.5164
Toyama	JP	36.7	137.2167
Tétouan	MA	35.5784	-5.3684
Zürich	CH	47.3667	8.55
Beylikdüzü	TR	40.982	28.6399
Việt Trì	VN	21.3227	105.402
Azcapotzalco	MX	19.487	-99.1859
Tampa	US	27.9475	-82.4584
Bunamwaya	UG	0.2534	32.5572
Magnitogorsk	RU	53.3981	59.0066
Tulsa	US	36.154	-95.9928
Jhānsi	IN	25.4589	78.5799
Tseung Kwan O	HK	22.3279	114.2499
Ciudad Bolívar	VE	8.1237	-63.5469
Kampung Kangkar Teberau	MY	1.532	103.7549
Koumassi	CI	5.2972	-3.9675
San Nicolás de los Garza	MX	25.7417	-100.3022
Guyuan	CN	36.0067	106.2808
Wandsbek	DE	53.5833	10.0831
Minneapolis	US	44.98	-93.2638
Jayapura	ID	-2.5337	140.7181
Thoothukudi	IN	8.7674	78.1342
Ardabīl	IR	38.2498	48.2933
Ballari	IN	15.142	76.924
Chaoyang	CN	41.5703	120.4586
Gaza	PS	31.5016	34.4667
Maringá	BR	-23.4253	-51.9386
Yokosuka	JP	35.2836	139.6672
Kom Ombo	EG	24.4767	32.9463
Saltivka	UA	50.0221	36.349
Nagasaki	JP	32.75	129.8833
Gujangbagh	CN	37.1093	79.9343
Tonalá	MX	20.6226	-103.2417
Zhijiang	CN	30.4214	111.7533
Panama City	PA	8.9936	-79.5197
Uvira	CD	-3.3953	29.1378
Hirakata	JP	34.8135	135.6491
Ivanovo	RU	56.9999	40.9726
Cumaná	VE	10.4639	-64.1786
Newcastle	ZA	-27.758	29.9318
Gumi	KR	36.1136	128.336
Brno	CZ	49.1952	16.608
Jixi	CN	45.2932	130.9622
Diadema	BR	-23.6861	-46.6228
Kuching	MY	1.55	110.3333
Gifu	JP	35.4229	136.7604
Caruaru	BR	-8.2833	-35.9761
Tongling	CN	30.95	117.7833
Tarlac City	PH	15.4802	120.5979
Toyonaka	JP	34.7824	135.4693
Kassala	SD	15.451	36.4
Miyazaki	JP	31.9167	131.4167
Lekki	NG	6.4463	3.4772
Antofagasta	CL	-23.6509	-70.3975
Wah Cantt	PK	33.7709	72.7512
Bhāgalpur	IN	25.2445	86.9718
Agartala	IN	23.8361	91.2794
West Jerusalem	IL	31.782	35.2196
Dayrah	AE	25.2714	55.3021
Bida	NG	9.0804	6.0099
Bunia	CD	1.5594	30.2522
Antakya	TR	36.2066	36.1572
Quận Mười	VN	10.7682	106.6663
Sunshine Coast	AU	-26.6568	153.0796
Kisumu	KE	-0.1022	34.7617
Luhansk	UA	48.5681	39.3055
Bengkulu	ID	-3.8004	102.2655
Barinas	VE	8.6206	-70.231
Hancheng	CN	35.4603	110.4292
Vitória da Conquista	BR	-14.8661	-40.8394
Wichita	US	37.6922	-97.3375
Al Hoceïma	MA	35.2516	-3.9372
Szczecin	PL	53.4289	14.553
Delmas	HT	18.5448	-72.3004
Liaozhong	CN	41.5061	122.7242
Vila Velha	BR	-20.3297	-40.2925
Bologna	IT	44.4938	11.3387
Sejong	KR	36.5924	127.2922
Cazenga	AO	-8.838	13.284
Samsun	TR	41.2798	36.3361
Tallinn	EE	59.437	24.7535
Tanga	TZ	-5.0689	39.0988
El Obeid	SD	13.1842	30.2167
Lobito	AO	-12.3644	13.536
Saurimo	AO	-9.6608	20.3915
Bauru	BR	-22.3147	-49.0606
Bello	CO	6.3373	-75.558
Pasto	CO	1.2146	-77.2785
Gaomi	CN	36.3833	119.7528
Santa Fe	AR	-31.6488	-60.7087
San-Pédro	CI	4.7485	-6.6363
Makurdi	NG	7.7337	8.5214
Palu	ID	-0.9083	119.8708
Takoradi	GH	4.8982	-1.7603
Samut Prakan	TH	13.5976	100.5972
Arlington	US	32.7357	-97.1081
Khamis Mushait	SA	18.3	42.7333
Ambato	EC	-1.2491	-78.6167
Carapicuíba	BR	-23.5227	-46.835
Ojo de Agua	MX	19.6803	-99.01
Windhoek	NA	-22.5594	17.0832
Abomey-Calavi	BJ	6.4485	2.3557
Bochum	DE	51.4817	7.2165
Suita	JP	34.7614	135.5157
Sector 3	RO	44.4234	26.1687
Benito Juárez	MX	19.3727	-99.1564
Chak Jhumra	PK	31.5681	73.1832
Kahramanmaraş	TR	37.5847	36.9264
Chongzuo	CN	22.3816	107.3683
Grajaú	BR	-23.7698	-46.6711
Okazaki	JP	34.95	137.1667
Xico	MX	19.2703	-98.9509
Iztacalco	MX	19.3953	-99.0978
Kākināda	IN	16.9604	82.2381
Betim	BR	-19.9678	-44.1983
Las Palmas de Gran Canaria	ES	28.1018	-15.4157
Cotabato	PH	7.2236	124.2464
Bawshar	OM	23.5777	58.3998
Latur	IN	18.3972	76.5678
Tanzhou	CN	22.255	113.4669
Wellington	NZ	-41.2866	174.7756
Mazatlán	MX	23.2216	-106.4189
Nizhny Tagil	RU	57.9194	59.965
Irapuato	MX	20.671	-101.3558
Ichinomiya	JP	35.3	136.8
Aswān	EG	24.0908	32.8994
Iaşi	RO	47.1667	27.6
Krugersdorp	ZA	-26.0858	27.7752
Pānihāti	IN	22.6909	88.374
Shibganj	BD	25.0015	89.3227
Caucaia	BR	-3.7361	-38.6531
Iquitos	PE	-3.7481	-73.2529
Toyohashi	JP	34.7667	137.3833
Hechuan	CN	29.9923	106.2646
Pétionville	HT	18.5125	-72.2853
Utrecht	NL	52.0908	5.1222
Rajamahendravaram	IN	17.0052	81.7778
Cariacica	BR	-20.2639	-40.42
Yogyakarta	ID	-7.8014	110.3647
Dhule	IN	20.9013	74.7774
Yanzhou	CN	35.5528	116.8286
Minato	JP	34.2152	135.1501
Puchong	MY	3.0	101.6167
Ondo	NG	7.0932	4.8353
Pingyin	CN	36.2831	116.4453
Rohtak	IN	28.8945	76.5892
Bhawana	PK	31.5688	72.6492
Rustenburg	ZA	-25.6676	27.2421
Bakersfield	US	35.3733	-119.0187
Xuanhua	CN	40.6121	115.0646
Emalahleni	ZA	-25.8713	29.2332
Bafoussam	CM	5.4778	10.4176
Thủ Dầu Một	VN	10.9804	106.6519
Takasaki	JP	36.3333	139.0167
Seremban	MY	2.7297	101.9381
Miguel Hidalgo	MX	19.4341	-99.2002
Nagano	JP	36.65	138.1833
Tawau	MY	4.2448	117.8911
Cardiff	GB	51.48	-3.18
Dachang	CN	31.3087	121.4153
Đống Đa	VN	21.013	105.825
Chitungwiza	ZW	-18.0127	31.0755
Umuahia	NG	5.5249	7.4946
Puerto La Cruz	VE	10.2138	-64.6328
Fenghuang	CN	27.9356	109.5996
Uşak	TR	38.6735	29.4058
Bharatpur	NP	27.6803	84.4365
Itaquaquecetuba	BR	-23.4861	-46.3483
Natore	BD	24.4111	88.9867
6th of October City	EG	29.8167	31.05
Leicester	GB	52.6386	-1.1317
Desna	UA	50.5221	30.6823
Cascavel	BR	-24.9558	-53.4553
Sector 6	RO	44.4358	26.0165
Canberra	AU	-35.2835	149.1281
Avellaneda	AR	-34.6602	-58.3674
Praia Grande	BR	-24.0058	-46.4028
Nara-shi	JP	34.685	135.8048
Florence	IT	43.7792	11.2463
Ahilyanagar	IN	19.0946	74.7384
Kollam	IN	8.8811	76.5847
Huanggang	CN	30.4514	114.8704
Bradford	GB	53.7939	-1.7521
Sukabumi	ID	-6.9181	106.9267
Bilāspur	IN	22.08	82.1554
Malabon	PH	14.6733	120.9397
Franca	BR	-20.5386	-47.4008
Cleveland	US	41.4995	-81.6954
Iseyin	NG	7.9702	3.5963
Yenagoa	NG	4.9268	6.2676
Gboko	NG	7.3228	9.0011
Etobicoke	CA	43.6442	-79.5699
Samba	AO	-8.88	13.1962
Olinda	BR	-8.0089	-34.8553
Pyeongtaek	KR	36.9947	127.0889
Petare	VE	10.4768	-66.8079
Bến Cát	VN	11.15	106.6
Anqiu	CN	36.4342	119.1925
Alanya	TR	36.5438	31.9998
Larkana	PK	27.559	68.212
Al Qadarif	SD	14.0349	35.3834
Hrodna	BY	53.6758	23.8289
Cibinong	ID	-6.4817	106.8542
Nawabshah	PK	26.2394	68.4037
New Orleans	US	29.9547	-90.0751
Keelung	TW	25.1309	121.7409
Malmö	SE	55.6059	13.0007
Jizhou	CN	37.5505	115.5687
Manukau City	NZ	-36.9928	174.8799
Maradi	NE	13.5	7.1017
Burewala	PK	30.1667	72.65
Ataşehir	TR	40.9833	29.1167
Blumenau	BR	-26.9194	-49.0661
Nanqiao	CN	30.9161	121.4494
Mingora	PK	34.7795	72.3627
Santarém	BR	-2.4431	-54.7083
Wuppertal	DE	51.2563	7.1482
Ulan-Ude	RU	51.8265	107.5998
Ijebu Ode	NG	6.8194	3.9173
Huocheng	CN	44.053	80.8717
Maseru	LS	-29.3167	27.4833
Bhilwara	IN	25.3471	74.6408
Aurora	US	39.7294	-104.8319
Vitebsk	BY	55.1904	30.2049
Sultanbeyli	TR	40.9607	29.2707
Taraz	KZ	42.898	71.3733
Yangsan	KR	35.342	129.0336
Dniprovskyi	UA	50.4537	30.6015
San Jose del Monte	PH	14.8139	121.0453
Abū al-Kahṣīb	IQ	30.4431	47.878
Gwangmyeong	KR	37.4772	126.8664
Zanjan	IR	36.6764	48.4963
Neiva	CO	2.93	-75.2797
Iwaki	JP	37.05	140.8833
Vladimir	RU	56.1385	40.3998
Tete	MZ	-16.1564	33.5867
Bacoor	PH	14.459	120.9385
Uberaba	BR	-19.7483	-47.9319
Wakayama	JP	34.2333	135.1667
Brahmapur	IN	19.3115	84.7929
Fengshan	TW	22.6266	120.3613
Fatih	TR	41.0225	28.9408
Misratah	LY	32.3753	15.0925
Cuíto	AO	-12.3833	16.9333
Benito Juarez	MX	19.3984	-99.1577
Kyzylorda	KZ	44.8528	65.5092
Sinjhoro	PK	26.0301	68.8087
Kawagoe	JP	35.9086	139.4853
Takatsuki	JP	34.8483	135.6168
Muzaffarpur	IN	26.1226	85.3906
Tapachula	MX	14.9054	-92.2589
Lhoka	CN	29.243	91.7724
Villahermosa	MX	17.9862	-92.9393
Setapak	MY	3.207	101.727
Mahilyow	BY	53.9088	30.3404
Bandar Abbas	IR	27.1865	56.2808
Pravyi Bereh	UA	47.115	37.5852
Yunusobod	UZ	41.3714	69.2794
Ras Al Khaimah	AE	25.7895	55.9432
Cabimas	VE	10.3991	-71.4521
Kendari	ID	-3.9778	122.5151
Honolulu	US	21.3069	-157.8583
Anaheim	US	33.8353	-117.9145
Tarsus	TR	36.9177	34.8928
Punāsa	IN	22.2351	76.3933
Pengze	CN	29.8988	116.5457
Diepsloot	ZA	-25.9331	28.0121
Bahir Dar	ET	11.5936	37.3908
Al Maḩmūdīyah	IQ	33.0622	44.3656
Xilinhot	CN	43.9389	116.0702
São José dos Pinhais	BR	-25.5302	-49.2084
Quelimane	MZ	-17.8786	36.8883
Arkhangel’sk	RU	64.5461	40.5518
Muzaffarnagar	IN	29.4709	77.7033
Hulunbuir	CN	49.2114	119.7558
Dumai	ID	1.6671	101.4432
Shinjuku	JP	35.6912	139.7085
Sikasso	ML	11.3176	-5.6665
Sanandaj	IR	35.315	46.9988
Chita	RU	52.0431	113.4917
San Pedro	PH	14.3595	121.0473
Alicante	ES	38.3452	-0.4815
Bimbo	CF	4.2567	18.4158
Kalemyo	MM	23.1901	94.064
Belfast	GB	54.5968	-5.9254
Long Bien	VN	21.0333	105.9
Camagüey	CU	21.3808	-77.9169
Bilbao	ES	43.2627	-2.9253
Ambon	ID	-3.6958	128.1833
Brest	BY	52.1089	23.7175
Ribeirão das Neves	BR	-19.7669	-44.0867
Chifeng	CN	42.2683	118.9636
Central Coast	AU	-33.4298	151.3714
Corrientes	AR	-27.4678	-58.8344
Hŭngnam	KP	39.842	127.6321
Avadi	IN	13.1147	80.1098
Yunlong	CN	34.2528	117.2517
Koshigaya	JP	35.8903	139.7892
Coventry	GB	52.4066	-1.5122
Belgorod	RU	50.6034	36.5809
Toamasina	MG	-18.1492	49.4023
Logan City	AU	-27.6392	153.1094
Ōtsu	JP	35.0	135.8667
Kosti	SD	13.1629	32.6635
Qitaihe	CN	45.768	130.9953
Doha	QA	25.2855	51.531
Kadapa	IN	14.48	78.8235
Nakano	JP	35.7045	139.6695
Cirebon	ID	-6.7063	108.557
Turmero	VE	10.2286	-67.4742
Tokorozawa	JP	35.7992	139.469
Cabanatuan City	PH	15.4859	120.9665
Pizhou	CN	34.3114	117.9503
Darnytsya	UA	50.416	30.6953
Dire Dawa	ET	9.5931	41.8661
Annaba	DZ	36.9	7.7667
Nice	FR	43.7031	7.2661
Iligan	PH	8.2289	124.2434
Soledad	CO	10.9184	-74.7646
Temara	MA	33.9287	-6.9066
Paulista	BR	-7.9408	-34.8731
Obalende	NG	6.4469	3.4153
Kukatpally	IN	17.4849	78.4138
Laixi	CN	36.8592	120.5269
Dihok	IQ	36.8661	42.9879
Kaluga	RU	54.5306	36.27
Bắc Từ Liêm	VN	21.0653	105.7466
Celaya	MX	20.5218	-100.814
Serekunda	GM	13.4383	-16.6781
Kafrul	BD	23.7882	90.3736
Karşıyaka	TR	38.4577	27.1142
Ḩadā’iq al Qubbah	EG	30.0884	31.2835
Makiyivka	UA	48.0478	37.9258
West Raleigh	US	35.7868	-78.6639
Cuernavaca	MX	18.9261	-99.2308
Markham	CA	43.8668	-79.2663
São Vicente	BR	-23.9631	-46.3919
Kaesŏng	KP	37.9708	126.5544
Tungi	BD	23.8915	90.4023
Krasnogvargeisky	RU	59.9731	30.4761
Randburg	ZA	-26.0941	28.0012
Safi	MA	32.2994	-9.2372
Simferopol	UA	44.9572	34.1108
Lublin	PL	51.2506	22.5701
Pelotas	BR	-31.77	-52.341
San José	CR	9.9339	-84.0849
Orlando	US	28.5383	-81.3792
Viña del Mar	CL	-33.0246	-71.5518
Qazvin	IR	36.2688	50.0041
Asahikawa	JP	43.7706	142.3649
Kāmārhāti	IN	22.6711	88.3747
Tepic	MX	21.5073	-104.8933
Wŏnju	KR	37.3514	127.9453
Wad Medani	SD	14.4012	33.5199
Quận Mười Một	VN	10.7638	106.6436
Nukus	UZ	42.4586	59.6058
Konak	TR	38.4	27.1
Maebashi	JP	36.4	139.0833
Kita	JP	35.7526	139.7335
Ciudad Victoria	MX	23.7406	-99.1436
Soledad de Graciano Sánchez	MX	22.1891	-100.9379
Kochi	JP	33.55	133.5333
Bielefeld	DE	52.0333	8.5333
Blida	DZ	36.47	2.8277
Kwai Chung	HK	22.3683	114.1388
Mandaue City	PH	10.3236	123.9222
Ganja	AZ	40.6816	46.3613
Khorramshahr	IR	30.4408	48.1843
Bonn	DE	50.7344	7.0955
Mathura	IN	27.5035	77.6722
Hechi	CN	24.6928	108.0838
Bydgoszcz	PL	53.1235	18.0076
Smolensk	RU	54.7783	32.0509
Oral	KZ	51.246	51.4256
Khorramabad	IR	33.4878	48.3558
Soyapango	SV	13.7102	-89.1399
Tongshan	CN	34.1805	117.1571
Guédiawaye	SN	14.7745	-17.4021
Plovdiv	BG	42.1539	24.75
Ciudad Obregón	MX	27.4864	-109.9408
Wŏnsan	KP	39.1528	127.4436
Brent	GB	51.5531	-0.3023
Pavlodar	KZ	52.276	76.9688
Chānda	IN	19.9508	79.2952
Canoas	BR	-29.9178	-51.1836
Kōriyama	JP	37.4	140.3833
Sochi	RU	43.597	39.7248
Aksaray	TR	38.3725	34.0254
Vijayapura	IN	16.8244	75.7154
Chipata	ZM	-13.6333	32.65
Chongjin	KP	41.7956	129.7758
Yanji	CN	42.8882	129.5024
Roodepoort	ZA	-26.1625	27.8725
Pucallpa	PE	-8.3791	-74.5539
Mogi das Cruzes	BR	-23.5228	-46.1883
Córdoba	ES	37.8916	-4.7728
Birkenhead	GB	53.3934	-3.0148
Nantes	FR	47.2172	-1.5534
Ilesa	NG	7.6279	4.7416
Pekalongan	ID	-6.8886	109.6753
Bhatara	BD	23.8	90.45
Espoo	FI	60.2052	24.6522
Kikuyu	KE	-1.2463	36.6629
Kluang	MY	2.0305	103.3169
Lincang	CN	23.8797	100.0945
Nottingham	GB	52.9536	-1.1505
Ramiros	AO	-9.0626	13.0456
Al ‘Amārah	IQ	31.8356	47.1448
Volzhsky	RU	48.7858	44.7797
Vaughan	CA	43.8361	-79.4983
Xingyi	CN	25.0962	104.9064
Shivamogga	IN	13.9316	75.5679
Alwar	IN	27.5625	76.625
Uíge	AO	-7.6087	15.0613
Taubaté	BR	-23.0264	-45.5553
Ixtapaluca	MX	19.3156	-98.8828
Osh	KG	40.5283	72.7985
Portoviejo	EC	-1.0576	-80.4514
Villavicencio	CO	4.1324	-73.6256
Man’gyŏngdae-ri	KP	38.9918	125.6587
Camaçari	BR	-12.6975	-38.3242
San Miguelito	PA	9.0503	-79.4707
Shāhjānpur	IN	27.8817	79.9092
Lexington	US	37.9887	-84.4777
Tantou	CN	22.7512	113.835
Suzano	BR	-23.5425	-46.3108
Anápolis	BR	-16.3267	-48.9528
Kaech’ŏn	KP	39.7006	125.8933
Jūnāgadh	IN	21.5197	70.4598
Islington	GB	51.5362	-0.103
Hoa Lư	VN	20.2581	105.9797
Holguín	CU	20.8872	-76.2631
Ust-Kamenogorsk	KZ	49.9714	82.6059
Tsuen Wan	HK	22.3714	114.1133
Zinder	NE	13.8072	8.9881
Saransk	RU	54.1848	45.1717
Al Diwaniyah	IQ	31.9929	44.9255
Varna	BG	43.2191	27.9102
Hafizabad	PK	32.071	73.688
Marne La Vallée	FR	48.8358	2.6424
Palangkaraya	ID	-2.2083	113.9167
Damanhur	EG	31.0341	30.4682
Chiniot	PK	31.7209	72.9784
Popayán	CO	2.4382	-76.6132
Reading	GB	51.4562	-0.9711
Geita	TZ	-2.8725	32.2325
Constanţa	RO	44.1807	28.6343
New Delhi	IN	28.6214	77.2148
Thessaloníki	GR	40.6407	22.9349
Thiès	SN	14.7894	-16.926
Naha	JP	26.213	127.6785
Riverside	US	33.9534	-117.3962
Baicheng	CN	45.6175	122.833
Chimbote	PE	-9.0751	-78.5937
Bari	IT	41.1207	16.8698
Barueri	BR	-23.5106	-46.8761
Corpus Christi	US	27.8006	-97.3964
Thrissur	IN	10.5167	76.2167
Cherepovets	RU	59.1333	37.9
Eloy Alfaro	EC	-2.1692	-79.8399
Hamburg-Nord	DE	53.5894	9.984
Al-Kut	IQ	32.5128	45.8182
Muar	MY	2.0442	102.5689
Şişli	TR	41.0605	28.9872
Lexington-Fayette	US	38.0498	-84.4586
Maroua	CM	10.5909	14.3159
Kingston upon Hull	GB	53.7446	-0.3352
Preston	GB	53.7628	-2.7045
Lianshan	CN	40.7643	120.8533
Denizli	TR	37.7742	29.0875
Ikeja	NG	6.5965	3.342
New Cairo	EG	30.03	31.47
Al Qāhirah al Jadīdah	EG	30.0421	31.4445
Vitória	BR	-20.3194	-40.3378
Palmira	CO	3.5348	-76.2977
Vologda	RU	59.2239	39.884
Iligan City	PH	8.25	124.4
Catania	IT	37.4922	15.0704
Jardim Angela	BR	-23.7164	-46.7687
Nizāmābād	IN	18.6715	78.0988
Cincinnati	US	39.1271	-84.5144
Percut	ID	3.6253	98.864
Coatzacoalcos	MX	18.149	-94.4447
Santa Ana	US	33.7456	-117.8678
Sariwŏn-si	KP	38.5072	125.7558
Botshabelo	ZA	-29.2674	26.726
Butuan	PH	8.9492	125.5436
Shahrīār	IR	35.6588	51.0577
Qods	IR	35.7214	51.109
Gia Lâm	VN	21.02	105.939
Kurgan	RU	55.449	65.3434
Tampico	MX	22.2852	-97.8778
Akowonjo	NG	6.6101	3.3097
Cabuyao	PH	14.2726	121.1262
Tabora	TZ	-5.0162	32.8266
Kasugai	JP	35.2476	136.9723
An Nhơn	VN	13.8858	109.1082
Alimosho	NG	6.6066	3.3024
Ciudad Benito Juárez	MX	25.6466	-100.0914
Münster	DE	51.9624	7.6257
Mannheim	DE	49.4891	8.4669
Karawang	ID	-6.3053	107.3197
Akita	JP	39.7167	140.1167
Tumkūr	IN	13.3414	77.1022
Chinju	KR	35.1928	128.0847
Parbhani	IN	19.2686	76.7708
Hisar	IN	29.1539	75.7229
Iksan	KR	35.9439	126.9544
Fīrozābād	IN	27.1509	78.3978
Palmas	BR	-10.1675	-48.3277
Vladikavkaz	RU	43.041	44.6699
Port-de-Paix	HT	19.9398	-72.8304
Damietta	EG	31.4165	31.8133
Posadas	AR	-27.3918	-55.9238
Parauapebas	BR	-6.0675	-49.9022
Brakpan	ZA	-26.2366	28.3694
Stockton	US	37.9577	-121.2908
Juazeiro do Norte	BR	-7.2131	-39.3153
Yokkaichi	JP	34.9667	136.6167
Kulti	IN	23.7317	86.8437
Tláhuac	MX	19.2869	-99.0051
Sapele	NG	5.8941	5.6767
Kāshān	IR	34.0023	51.4388
Kashan	IR	33.9824	51.4277
Pittsburgh	US	40.4406	-79.9959
Armenia	CO	4.5366	-75.6726
Santa Catarina	MX	25.6732	-100.4581
Sumbawanga	TZ	-7.9667	31.6167
Orël	RU	52.9688	36.0791
Akashi	JP	34.6552	135.0069
Hai Bà Trưng	VN	21.0134	105.8477
Kurume	JP	33.3167	130.5167
Graz	AT	47.0673	15.442
Saint Paul	US	44.9444	-93.0933
Saltivskyi	UA	49.999	36.316
Nghi Sơn	VN	19.3275	105.8214
Karnāl	IN	29.692	76.9845
Changyi	CN	36.8536	119.3908
Ciudad del Este	PY	-25.5036	-54.6507
Rosetta	EG	31.3995	30.4172
Barddhamān	IN	23.2557	87.8569
Toshima	JP	35.7613	139.7449
Kediri	ID	-7.8167	112.0167
Solwezi	ZM	-12.1688	26.3894
Hamburg-Mitte	DE	53.55	10.0167
Augsburg	DE	48.3715	10.8985
South Dublin	IE	53.2903	-6.3415
Valladolid	ES	41.6554	-4.7235
Miri	MY	4.3993	113.9916
Xinyi	CN	34.3842	118.3462
Mardan	PK	34.1979	72.0496
Surgut	RU	61.2576	73.4177
Swansea	GB	51.6208	-3.9432
San Pablo	PH	14.0683	121.3256
Newcastle upon Tyne	GB	54.9733	-1.614
Gundupālaiyam	IN	11.941	79.8029
Várzea Grande	BR	-15.6467	-56.1325
Gatineau	CA	45.4772	-75.7016
Yangshuo	CN	24.7808	110.4897
Winejok	SS	9.0122	27.5708
Mérida	VE	8.579	-71.1692
Malir Cantonment	PK	24.9434	67.2059
Biñan	PH	14.3427	121.0807
Batikent	TR	39.9683	32.7308
